regel_id,profil,quelle_art,quelltabelle,quellfeld,zielklasse,zielfeld,transformation,status,workbench,beleg
NUP-001,NUP,GDB,NUP/Grundnutzung_Zonenflaeche,FEATURE,SZ_Nutzungsplanung_kommunal_V2.Geobasisdaten.Grundnutzung_Zonenflaeche,OBJEKT,"Aktive GDB-Requestorroute; Supplier sind zusätzliche Abhängigkeiten, keine eigenen Geometriequellen",STATISCH_BELEGT; ILI/GDB_LAUF_OFFEN,filegdbV2_2_xtf_final.fmw,"Node 303, Z. 1152; Node 119, Z. 5918; Node 120, Z. 5956; Node 97, Z. 5277; Node 105, Z. 5481; Node 47, Z. 3011; Node 103, Z. 5432; Node 49, Z. 3126; Node 51, Z. 3256; Node 52, Z. 3282; Node 57, Z. 3437; Node 83, Z. 4836; Node 108, Z. 5563; Node 109, Z. 5617; Node 84, Z. 4876; Node 106, Z. 5504; Node 116, Z. 5842; Node 13, Z. 1048"
NUP-002,NUP,GDB,NUP/Grundnutzung_Zonenflaeche,Bemerkung,SZ_Nutzungsplanung_kommunal_V2.Geobasisdaten.Grundnutzung_Zonenflaeche,Bemerkung,Namensgleicher Attributfluss laut FME-Deklaration; ILI-Domäne und echte Werte noch prüfen,STATISCH_BELEGT; ILI/GDB_LAUF_OFFEN,filegdbV2_2_xtf_final.fmw,"Node 303, Z. 1152; Node 119, Z. 5918; Node 120, Z. 5956; Node 97, Z. 5277; Node 105, Z. 5481; Node 47, Z. 3011; Node 103, Z. 5432; Node 49, Z. 3126; Node 51, Z. 3256; Node 52, Z. 3282; Node 57, Z. 3437; Node 83, Z. 4836; Node 108, Z. 5563; Node 109, Z. 5617; Node 84, Z. 4876; Node 106, Z. 5504; Node 116, Z. 5842; Node 13, Z. 1048"
NUP-003,NUP,GDB,NUP/Grundnutzung_Zonenflaeche,LES_Typ,SZ_Nutzungsplanung_kommunal_V2.Geobasisdaten.Grundnutzung_Zonenflaeche,LES_Typ,Namensgleicher Attributfluss laut FME-Deklaration; ILI-Domäne und echte Werte noch prüfen,STATISCH_BELEGT; ILI/GDB_LAUF_OFFEN,filegdbV2_2_xtf_final.fmw,"Node 303, Z. 1152; Node 119, Z. 5918; Node 120, Z. 5956; Node 97, Z. 5277; Node 105, Z. 5481; Node 47, Z. 3011; Node 103, Z. 5432; Node 49, Z. 3126; Node 51, Z. 3256; Node 52, Z. 3282; Node 57, Z. 3437; Node 83, Z. 4836; Node 108, Z. 5563; Node 109, Z. 5617; Node 84, Z. 4876; Node 106, Z. 5504; Node 116, Z. 5842; Node 13, Z. 1048"
NUP-004,NUP,GDB,NUP/Grundnutzung_Zonenflaeche,xtf_id,SZ_Nutzungsplanung_kommunal_V2.Geobasisdaten.Grundnutzung_Zonenflaeche,xtf_id,Quell-xtf_id bleibt TID; keine OBJECTID/GlobalID-Neuerzeugung im aktiven Pfad,STATISCH_BELEGT; ILI/GDB_LAUF_OFFEN,filegdbV2_2_xtf_final.fmw,"Node 303, Z. 1152; Node 119, Z. 5918; Node 120, Z. 5956; Node 97, Z. 5277; Node 105, Z. 5481; Node 47, Z. 3011; Node 103, Z. 5432; Node 49, Z. 3126; Node 51, Z. 3256; Node 52, Z. 3282; Node 57, Z. 3437; Node 83, Z. 4836; Node 108, Z. 5563; Node 109, Z. 5617; Node 84, Z. 4876; Node 106, Z. 5504; Node 116, Z. 5842; Node 13, Z. 1048"
NUP-005,NUP,GDB,NUP/Grundnutzung_Zonenflaeche,FEATURE_GEOMETRY,SZ_Nutzungsplanung_kommunal_V2.Geobasisdaten.Grundnutzung_Zonenflaeche,Geometrie,"Geometrie des GDB-Requestors; ArcStroker max. Abweichung 0.0005, danach XYZ auf 3 Dezimalstellen; zusätzlich AreaOnAreaOverlayer AUTO und Dissolver nach xtf_id, Attributwahl aus einem Feature",STATISCH_BELEGT; ILI/GDB_LAUF_OFFEN,filegdbV2_2_xtf_final.fmw,"Node 303, Z. 1152; Node 119, Z. 5918; Node 120, Z. 5956; Node 97, Z. 5277; Node 105, Z. 5481; Node 47, Z. 3011; Node 103, Z. 5432; Node 49, Z. 3126; Node 51, Z. 3256; Node 52, Z. 3282; Node 57, Z. 3437; Node 83, Z. 4836; Node 108, Z. 5563; Node 109, Z. 5617; Node 84, Z. 4876; Node 106, Z. 5504; Node 116, Z. 5842; Node 13, Z. 1048"
NUP-006,NUP,GDB,NUP/Linienbezogene_Festlegung,FEATURE,SZ_Nutzungsplanung_kommunal_V2.Geobasisdaten.Linienbezogene_Festlegung,OBJEKT,"Aktive GDB-Requestorroute; Supplier sind zusätzliche Abhängigkeiten, keine eigenen Geometriequellen",STATISCH_BELEGT; ILI/GDB_LAUF_OFFEN,filegdbV2_2_xtf_final.fmw,"Node 304, Z. 1183; Node 124, Z. 6047; Node 99, Z. 5328; Node 63, Z. 3736; Node 64, Z. 3819; Node 65, Z. 3919; Node 66, Z. 3944; Node 67, Z. 3970; Node 91, Z. 5082; Node 86, Z. 4932; Node 112, Z. 5732; Node 12, Z. 1026"
NUP-007,NUP,GDB,NUP/Linienbezogene_Festlegung,Bemerkung,SZ_Nutzungsplanung_kommunal_V2.Geobasisdaten.Linienbezogene_Festlegung,Bemerkung,Namensgleicher Attributfluss laut FME-Deklaration; ILI-Domäne und echte Werte noch prüfen,STATISCH_BELEGT; ILI/GDB_LAUF_OFFEN,filegdbV2_2_xtf_final.fmw,"Node 304, Z. 1183; Node 124, Z. 6047; Node 99, Z. 5328; Node 63, Z. 3736; Node 64, Z. 3819; Node 65, Z. 3919; Node 66, Z. 3944; Node 67, Z. 3970; Node 91, Z. 5082; Node 86, Z. 4932; Node 112, Z. 5732; Node 12, Z. 1026"
NUP-008,NUP,GDB,NUP/Linienbezogene_Festlegung,xtf_id,SZ_Nutzungsplanung_kommunal_V2.Geobasisdaten.Linienbezogene_Festlegung,xtf_id,Quell-xtf_id bleibt TID; keine OBJECTID/GlobalID-Neuerzeugung im aktiven Pfad,STATISCH_BELEGT; ILI/GDB_LAUF_OFFEN,filegdbV2_2_xtf_final.fmw,"Node 304, Z. 1183; Node 124, Z. 6047; Node 99, Z. 5328; Node 63, Z. 3736; Node 64, Z. 3819; Node 65, Z. 3919; Node 66, Z. 3944; Node 67, Z. 3970; Node 91, Z. 5082; Node 86, Z. 4932; Node 112, Z. 5732; Node 12, Z. 1026"
NUP-009,NUP,GDB,NUP/Linienbezogene_Festlegung,FEATURE_GEOMETRY,SZ_Nutzungsplanung_kommunal_V2.Geobasisdaten.Linienbezogene_Festlegung,Geometrie,"Geometrie des GDB-Requestors; ArcStroker max. Abweichung 0.0005, danach XYZ auf 3 Dezimalstellen",STATISCH_BELEGT; ILI/GDB_LAUF_OFFEN,filegdbV2_2_xtf_final.fmw,"Node 304, Z. 1183; Node 124, Z. 6047; Node 99, Z. 5328; Node 63, Z. 3736; Node 64, Z. 3819; Node 65, Z. 3919; Node 66, Z. 3944; Node 67, Z. 3970; Node 91, Z. 5082; Node 86, Z. 4932; Node 112, Z. 5732; Node 12, Z. 1026"
NUP-010,NUP,GDB,NUP/Objektbezogene_Festlegung,FEATURE,SZ_Nutzungsplanung_kommunal_V2.Geobasisdaten.Objektbezogene_Festlegung,OBJEKT,"Aktive GDB-Requestorroute; Supplier sind zusätzliche Abhängigkeiten, keine eigenen Geometriequellen",STATISCH_BELEGT; ILI/GDB_LAUF_OFFEN,filegdbV2_2_xtf_final.fmw,"Node 305, Z. 1213; Node 126, Z. 6100; Node 100, Z. 5353; Node 68, Z. 4002; Node 74, Z. 4378; Node 75, Z. 4478; Node 76, Z. 4503; Node 77, Z. 4529; Node 87, Z. 4959; Node 7, Z. 913"
NUP-011,NUP,GDB,NUP/Objektbezogene_Festlegung,Bemerkung,SZ_Nutzungsplanung_kommunal_V2.Geobasisdaten.Objektbezogene_Festlegung,Bemerkung,Namensgleicher Attributfluss laut FME-Deklaration; ILI-Domäne und echte Werte noch prüfen,STATISCH_BELEGT; ILI/GDB_LAUF_OFFEN,filegdbV2_2_xtf_final.fmw,"Node 305, Z. 1213; Node 126, Z. 6100; Node 100, Z. 5353; Node 68, Z. 4002; Node 74, Z. 4378; Node 75, Z. 4478; Node 76, Z. 4503; Node 77, Z. 4529; Node 87, Z. 4959; Node 7, Z. 913"
NUP-012,NUP,GDB,NUP/Objektbezogene_Festlegung,xtf_id,SZ_Nutzungsplanung_kommunal_V2.Geobasisdaten.Objektbezogene_Festlegung,xtf_id,Quell-xtf_id bleibt TID; keine OBJECTID/GlobalID-Neuerzeugung im aktiven Pfad,STATISCH_BELEGT; ILI/GDB_LAUF_OFFEN,filegdbV2_2_xtf_final.fmw,"Node 305, Z. 1213; Node 126, Z. 6100; Node 100, Z. 5353; Node 68, Z. 4002; Node 74, Z. 4378; Node 75, Z. 4478; Node 76, Z. 4503; Node 77, Z. 4529; Node 87, Z. 4959; Node 7, Z. 913"
NUP-013,NUP,GDB,NUP/Objektbezogene_Festlegung,FEATURE_GEOMETRY,SZ_Nutzungsplanung_kommunal_V2.Geobasisdaten.Objektbezogene_Festlegung,Geometrie,Punktgeometrie; CoordinateRounder XYZ auf 3 Dezimalstellen; kein ArcStroker in diesem Pfad,STATISCH_BELEGT; ILI/GDB_LAUF_OFFEN,filegdbV2_2_xtf_final.fmw,"Node 305, Z. 1213; Node 126, Z. 6100; Node 100, Z. 5353; Node 68, Z. 4002; Node 74, Z. 4378; Node 75, Z. 4478; Node 76, Z. 4503; Node 77, Z. 4529; Node 87, Z. 4959; Node 7, Z. 913"
NUP-014,NUP,GDB,NUP/Ueberlagernde_Festlegung,FEATURE,SZ_Nutzungsplanung_kommunal_V2.Geobasisdaten.Ueberlagernde_Festlegung,OBJEKT,"Aktive GDB-Requestorroute; Supplier sind zusätzliche Abhängigkeiten, keine eigenen Geometriequellen",STATISCH_BELEGT; ILI/GDB_LAUF_OFFEN,filegdbV2_2_xtf_final.fmw,"Node 306, Z. 1243; Node 122, Z. 5994; Node 98, Z. 5303; Node 58, Z. 3470; Node 59, Z. 3553; Node 60, Z. 3653; Node 61, Z. 3678; Node 62, Z. 3704; Node 90, Z. 5044; Node 85, Z. 4905; Node 114, Z. 5787; Node 10, Z. 981"
NUP-015,NUP,GDB,NUP/Ueberlagernde_Festlegung,Bemerkung,SZ_Nutzungsplanung_kommunal_V2.Geobasisdaten.Ueberlagernde_Festlegung,Bemerkung,Namensgleicher Attributfluss laut FME-Deklaration; ILI-Domäne und echte Werte noch prüfen,STATISCH_BELEGT; ILI/GDB_LAUF_OFFEN,filegdbV2_2_xtf_final.fmw,"Node 306, Z. 1243; Node 122, Z. 5994; Node 98, Z. 5303; Node 58, Z. 3470; Node 59, Z. 3553; Node 60, Z. 3653; Node 61, Z. 3678; Node 62, Z. 3704; Node 90, Z. 5044; Node 85, Z. 4905; Node 114, Z. 5787; Node 10, Z. 981"
NUP-016,NUP,GDB,NUP/Ueberlagernde_Festlegung,xtf_id,SZ_Nutzungsplanung_kommunal_V2.Geobasisdaten.Ueberlagernde_Festlegung,xtf_id,Quell-xtf_id bleibt TID; keine OBJECTID/GlobalID-Neuerzeugung im aktiven Pfad,STATISCH_BELEGT; ILI/GDB_LAUF_OFFEN,filegdbV2_2_xtf_final.fmw,"Node 306, Z. 1243; Node 122, Z. 5994; Node 98, Z. 5303; Node 58, Z. 3470; Node 59, Z. 3553; Node 60, Z. 3653; Node 61, Z. 3678; Node 62, Z. 3704; Node 90, Z. 5044; Node 85, Z. 4905; Node 114, Z. 5787; Node 10, Z. 981"
NUP-017,NUP,GDB,NUP/Ueberlagernde_Festlegung,FEATURE_GEOMETRY,SZ_Nutzungsplanung_kommunal_V2.Geobasisdaten.Ueberlagernde_Festlegung,Geometrie,"Geometrie des GDB-Requestors; ArcStroker max. Abweichung 0.0005, danach XYZ auf 3 Dezimalstellen",STATISCH_BELEGT; ILI/GDB_LAUF_OFFEN,filegdbV2_2_xtf_final.fmw,"Node 306, Z. 1243; Node 122, Z. 5994; Node 98, Z. 5303; Node 58, Z. 3470; Node 59, Z. 3553; Node 60, Z. 3653; Node 61, Z. 3678; Node 62, Z. 3704; Node 90, Z. 5044; Node 85, Z. 4905; Node 114, Z. 5787; Node 10, Z. 981"
NUP-018,NUP,GDB,NUP/Wirkbereich_Linie,FEATURE,SZ_Nutzungsplanung_kommunal_V2.Geobasisdaten.Wirkbereich_Linie,OBJEKT,"Aktive GDB-Requestorroute; Supplier sind zusätzliche Abhängigkeiten, keine eigenen Geometriequellen",STATISCH_BELEGT; ILI/GDB_LAUF_OFFEN,filegdbV2_2_xtf_final.fmw,"Node 307, Z. 1273; Node 128, Z. 6153; Node 101, Z. 5378; Node 69, Z. 4085; Node 70, Z. 4177; Node 71, Z. 4286; Node 72, Z. 4314; Node 73, Z. 4343; Node 92, Z. 5120; Node 88, Z. 4986; Node 8, Z. 935"
NUP-019,NUP,GDB,NUP/Wirkbereich_Linie,Bemerkung,SZ_Nutzungsplanung_kommunal_V2.Geobasisdaten.Wirkbereich_Linie,Bemerkung,Namensgleicher Attributfluss laut FME-Deklaration; ILI-Domäne und echte Werte noch prüfen,STATISCH_BELEGT; ILI/GDB_LAUF_OFFEN,filegdbV2_2_xtf_final.fmw,"Node 307, Z. 1273; Node 128, Z. 6153; Node 101, Z. 5378; Node 69, Z. 4085; Node 70, Z. 4177; Node 71, Z. 4286; Node 72, Z. 4314; Node 73, Z. 4343; Node 92, Z. 5120; Node 88, Z. 4986; Node 8, Z. 935"
NUP-020,NUP,GDB,NUP/Wirkbereich_Linie,rLinienbezogene_Festlegung,SZ_Nutzungsplanung_kommunal_V2.Geobasisdaten.Wirkbereich_Linie,rLinienbezogene_Festlegung,Namensgleicher Attributfluss laut FME-Deklaration; ILI-Domäne und echte Werte noch prüfen,STATISCH_BELEGT; ILI/GDB_LAUF_OFFEN,filegdbV2_2_xtf_final.fmw,"Node 307, Z. 1273; Node 128, Z. 6153; Node 101, Z. 5378; Node 69, Z. 4085; Node 70, Z. 4177; Node 71, Z. 4286; Node 72, Z. 4314; Node 73, Z. 4343; Node 92, Z. 5120; Node 88, Z. 4986; Node 8, Z. 935"
NUP-021,NUP,GDB,NUP/Wirkbereich_Linie,xtf_id,SZ_Nutzungsplanung_kommunal_V2.Geobasisdaten.Wirkbereich_Linie,xtf_id,Quell-xtf_id bleibt TID; keine OBJECTID/GlobalID-Neuerzeugung im aktiven Pfad,STATISCH_BELEGT; ILI/GDB_LAUF_OFFEN,filegdbV2_2_xtf_final.fmw,"Node 307, Z. 1273; Node 128, Z. 6153; Node 101, Z. 5378; Node 69, Z. 4085; Node 70, Z. 4177; Node 71, Z. 4286; Node 72, Z. 4314; Node 73, Z. 4343; Node 92, Z. 5120; Node 88, Z. 4986; Node 8, Z. 935"
NUP-022,NUP,GDB,NUP/Wirkbereich_Linie,FEATURE_GEOMETRY,SZ_Nutzungsplanung_kommunal_V2.Geobasisdaten.Wirkbereich_Linie,Geometrie,"Geometrie des GDB-Requestors; ArcStroker max. Abweichung 0.0005, danach XYZ auf 3 Dezimalstellen",STATISCH_BELEGT; ILI/GDB_LAUF_OFFEN,filegdbV2_2_xtf_final.fmw,"Node 307, Z. 1273; Node 128, Z. 6153; Node 101, Z. 5378; Node 69, Z. 4085; Node 70, Z. 4177; Node 71, Z. 4286; Node 72, Z. 4314; Node 73, Z. 4343; Node 92, Z. 5120; Node 88, Z. 4986; Node 8, Z. 935"
NUP-023,NUP,GDB,NUP/Wirkbereich_Punkt,FEATURE,SZ_Nutzungsplanung_kommunal_V2.Geobasisdaten.Wirkbereich_Punkt,OBJEKT,"Aktive GDB-Requestorroute; Supplier sind zusätzliche Abhängigkeiten, keine eigenen Geometriequellen",STATISCH_BELEGT; ILI/GDB_LAUF_OFFEN,filegdbV2_2_xtf_final.fmw,"Node 308, Z. 1306; Node 129, Z. 6195; Node 102, Z. 5406; Node 78, Z. 4561; Node 79, Z. 4647; Node 80, Z. 4750; Node 81, Z. 4776; Node 82, Z. 4803; Node 93, Z. 5164; Node 89, Z. 5016; Node 9, Z. 958"
NUP-024,NUP,GDB,NUP/Wirkbereich_Punkt,Bemerkung,SZ_Nutzungsplanung_kommunal_V2.Geobasisdaten.Wirkbereich_Punkt,Bemerkung,Namensgleicher Attributfluss laut FME-Deklaration; ILI-Domäne und echte Werte noch prüfen,STATISCH_BELEGT; ILI/GDB_LAUF_OFFEN,filegdbV2_2_xtf_final.fmw,"Node 308, Z. 1306; Node 129, Z. 6195; Node 102, Z. 5406; Node 78, Z. 4561; Node 79, Z. 4647; Node 80, Z. 4750; Node 81, Z. 4776; Node 82, Z. 4803; Node 93, Z. 5164; Node 89, Z. 5016; Node 9, Z. 958"
NUP-025,NUP,GDB,NUP/Wirkbereich_Punkt,rObjektbezogene_Festlegung,SZ_Nutzungsplanung_kommunal_V2.Geobasisdaten.Wirkbereich_Punkt,rObjektbezogene_Festlegung,Namensgleicher Attributfluss laut FME-Deklaration; ILI-Domäne und echte Werte noch prüfen,STATISCH_BELEGT; ILI/GDB_LAUF_OFFEN,filegdbV2_2_xtf_final.fmw,"Node 308, Z. 1306; Node 129, Z. 6195; Node 102, Z. 5406; Node 78, Z. 4561; Node 79, Z. 4647; Node 80, Z. 4750; Node 81, Z. 4776; Node 82, Z. 4803; Node 93, Z. 5164; Node 89, Z. 5016; Node 9, Z. 958"
NUP-026,NUP,GDB,NUP/Wirkbereich_Punkt,xtf_id,SZ_Nutzungsplanung_kommunal_V2.Geobasisdaten.Wirkbereich_Punkt,xtf_id,Quell-xtf_id bleibt TID; keine OBJECTID/GlobalID-Neuerzeugung im aktiven Pfad,STATISCH_BELEGT; ILI/GDB_LAUF_OFFEN,filegdbV2_2_xtf_final.fmw,"Node 308, Z. 1306; Node 129, Z. 6195; Node 102, Z. 5406; Node 78, Z. 4561; Node 79, Z. 4647; Node 80, Z. 4750; Node 81, Z. 4776; Node 82, Z. 4803; Node 93, Z. 5164; Node 89, Z. 5016; Node 9, Z. 958"
NUP-027,NUP,GDB,NUP/Wirkbereich_Punkt,FEATURE_GEOMETRY,SZ_Nutzungsplanung_kommunal_V2.Geobasisdaten.Wirkbereich_Punkt,Geometrie,"Geometrie des GDB-Requestors; ArcStroker max. Abweichung 0.0005, danach XYZ auf 3 Dezimalstellen",STATISCH_BELEGT; ILI/GDB_LAUF_OFFEN,filegdbV2_2_xtf_final.fmw,"Node 308, Z. 1306; Node 129, Z. 6195; Node 102, Z. 5406; Node 78, Z. 4561; Node 79, Z. 4647; Node 80, Z. 4750; Node 81, Z. 4776; Node 82, Z. 4803; Node 93, Z. 5164; Node 89, Z. 5016; Node 9, Z. 958"
NUP-028,NUP,GDB,NUP_TM_Datenbestand,FEATURE,SZ_Nutzungsplanung_kommunal_V2.TransferMetadaten.Datenbestand,OBJEKT,"Aktive GDB-Requestorroute; Supplier sind zusätzliche Abhängigkeiten, keine eigenen Geometriequellen",STATISCH_BELEGT; ILI/GDB_LAUF_OFFEN,filegdbV2_2_xtf_final.fmw,"Node 309, Z. 1337; Node 30, Z. 2209; Node 32, Z. 2339; Node 31, Z. 2241; Node 34, Z. 2396; Node 35, Z. 2427; Node 53, Z. 3309; Node 55, Z. 3366; Node 6, Z. 889"
NUP-029,NUP,GDB,NUP_TM_Datenbestand,Bemerkung,SZ_Nutzungsplanung_kommunal_V2.TransferMetadaten.Datenbestand,Bemerkung,Namensgleicher Attributfluss laut FME-Deklaration; ILI-Domäne und echte Werte noch prüfen,STATISCH_BELEGT; ILI/GDB_LAUF_OFFEN,filegdbV2_2_xtf_final.fmw,"Node 309, Z. 1337; Node 30, Z. 2209; Node 32, Z. 2339; Node 31, Z. 2241; Node 34, Z. 2396; Node 35, Z. 2427; Node 53, Z. 3309; Node 55, Z. 3366; Node 6, Z. 889"
NUP-030,NUP,GDB,NUP_TM_Datenbestand,Stand,SZ_Nutzungsplanung_kommunal_V2.TransferMetadaten.Datenbestand,Stand,"DateTimeConverter nach %Y-%m-%d; REPAIR_INPUT=YES in FME, neue Fehlerpolitik festzulegen",STATISCH_BELEGT; ILI/GDB_LAUF_OFFEN,filegdbV2_2_xtf_final.fmw,"Node 309, Z. 1337; Node 30, Z. 2209; Node 32, Z. 2339; Node 31, Z. 2241; Node 34, Z. 2396; Node 35, Z. 2427; Node 53, Z. 3309; Node 55, Z. 3366; Node 6, Z. 889"
NUP-031,NUP,GDB,NUP_TM_Datenbestand,xtf_id,SZ_Nutzungsplanung_kommunal_V2.TransferMetadaten.Datenbestand,xtf_id,Quell-xtf_id bleibt TID; keine OBJECTID/GlobalID-Neuerzeugung im aktiven Pfad,STATISCH_BELEGT; ILI/GDB_LAUF_OFFEN,filegdbV2_2_xtf_final.fmw,"Node 309, Z. 1337; Node 30, Z. 2209; Node 32, Z. 2339; Node 31, Z. 2241; Node 34, Z. 2396; Node 35, Z. 2427; Node 53, Z. 3309; Node 55, Z. 3366; Node 6, Z. 889"
NUP-032,NUP,GDB,NUP_Typ,FEATURE,SZ_Nutzungsplanung_kommunal_V2.Geobasisdaten.Typ,OBJEKT,"Aktive GDB-Requestorroute; Supplier sind zusätzliche Abhängigkeiten, keine eigenen Geometriequellen",STATISCH_BELEGT; ILI/GDB_LAUF_OFFEN,filegdbV2_2_xtf_final.fmw,"Node 310, Z. 1367; Node 96, Z. 5244; Node 36, Z. 2479; Node 38, Z. 2625; Node 39, Z. 2658; Node 40, Z. 2692; Node 42, Z. 2834; Node 56, Z. 3398; Node 14, Z. 1074"
NUP-033,NUP,GDB,NUP_Typ,Abkuerzung,SZ_Nutzungsplanung_kommunal_V2.Geobasisdaten.Typ,Abkuerzung,Namensgleicher Attributfluss laut FME-Deklaration; ILI-Domäne und echte Werte noch prüfen,STATISCH_BELEGT; ILI/GDB_LAUF_OFFEN,filegdbV2_2_xtf_final.fmw,"Node 310, Z. 1367; Node 96, Z. 5244; Node 36, Z. 2479; Node 38, Z. 2625; Node 39, Z. 2658; Node 40, Z. 2692; Node 42, Z. 2834; Node 56, Z. 3398; Node 14, Z. 1074"
NUP-034,NUP,GDB,NUP_Typ,Bemerkung,SZ_Nutzungsplanung_kommunal_V2.Geobasisdaten.Typ,Bemerkung,Namensgleicher Attributfluss laut FME-Deklaration; ILI-Domäne und echte Werte noch prüfen,STATISCH_BELEGT; ILI/GDB_LAUF_OFFEN,filegdbV2_2_xtf_final.fmw,"Node 310, Z. 1367; Node 96, Z. 5244; Node 36, Z. 2479; Node 38, Z. 2625; Node 39, Z. 2658; Node 40, Z. 2692; Node 42, Z. 2834; Node 56, Z. 3398; Node 14, Z. 1074"
NUP-035,NUP,GDB,NUP_Typ,Bezeichnung,SZ_Nutzungsplanung_kommunal_V2.Geobasisdaten.Typ,Bezeichnung,Namensgleicher Attributfluss laut FME-Deklaration; ILI-Domäne und echte Werte noch prüfen,STATISCH_BELEGT; ILI/GDB_LAUF_OFFEN,filegdbV2_2_xtf_final.fmw,"Node 310, Z. 1367; Node 96, Z. 5244; Node 36, Z. 2479; Node 38, Z. 2625; Node 39, Z. 2658; Node 40, Z. 2692; Node 42, Z. 2834; Node 56, Z. 3398; Node 14, Z. 1074"
NUP-036,NUP,GDB,NUP_Typ,Code,SZ_Nutzungsplanung_kommunal_V2.Geobasisdaten.Typ,Code,Namensgleicher Attributfluss laut FME-Deklaration; ILI-Domäne und echte Werte noch prüfen,STATISCH_BELEGT; ILI/GDB_LAUF_OFFEN,filegdbV2_2_xtf_final.fmw,"Node 310, Z. 1367; Node 96, Z. 5244; Node 36, Z. 2479; Node 38, Z. 2625; Node 39, Z. 2658; Node 40, Z. 2692; Node 42, Z. 2834; Node 56, Z. 3398; Node 14, Z. 1074"
NUP-037,NUP,GDB,NUP_Typ,Doklink,SZ_Nutzungsplanung_kommunal_V2.Geobasisdaten.Typ,Doklink,Namensgleicher Attributfluss laut FME-Deklaration; ILI-Domäne und echte Werte noch prüfen,STATISCH_BELEGT; ILI/GDB_LAUF_OFFEN,filegdbV2_2_xtf_final.fmw,"Node 310, Z. 1367; Node 96, Z. 5244; Node 36, Z. 2479; Node 38, Z. 2625; Node 39, Z. 2658; Node 40, Z. 2692; Node 42, Z. 2834; Node 56, Z. 3398; Node 14, Z. 1074"
NUP-038,NUP,GDB,NUP_Typ,Nutzungsziffer,SZ_Nutzungsplanung_kommunal_V2.Geobasisdaten.Typ,Nutzungsziffer,Namensgleicher Attributfluss laut FME-Deklaration; ILI-Domäne und echte Werte noch prüfen,STATISCH_BELEGT; ILI/GDB_LAUF_OFFEN,filegdbV2_2_xtf_final.fmw,"Node 310, Z. 1367; Node 96, Z. 5244; Node 36, Z. 2479; Node 38, Z. 2625; Node 39, Z. 2658; Node 40, Z. 2692; Node 42, Z. 2834; Node 56, Z. 3398; Node 14, Z. 1074"
NUP-039,NUP,GDB,NUP_Typ,Nutzungsziffer_Art,SZ_Nutzungsplanung_kommunal_V2.Geobasisdaten.Typ,Nutzungsziffer_Art,Namensgleicher Attributfluss laut FME-Deklaration; ILI-Domäne und echte Werte noch prüfen,STATISCH_BELEGT; ILI/GDB_LAUF_OFFEN,filegdbV2_2_xtf_final.fmw,"Node 310, Z. 1367; Node 96, Z. 5244; Node 36, Z. 2479; Node 38, Z. 2625; Node 39, Z. 2658; Node 40, Z. 2692; Node 42, Z. 2834; Node 56, Z. 3398; Node 14, Z. 1074"
NUP-040,NUP,GDB,NUP_Typ,Symbol,SZ_Nutzungsplanung_kommunal_V2.Geobasisdaten.Typ,Symbol,Namensgleicher Attributfluss laut FME-Deklaration; ILI-Domäne und echte Werte noch prüfen,STATISCH_BELEGT; ILI/GDB_LAUF_OFFEN,filegdbV2_2_xtf_final.fmw,"Node 310, Z. 1367; Node 96, Z. 5244; Node 36, Z. 2479; Node 38, Z. 2625; Node 39, Z. 2658; Node 40, Z. 2692; Node 42, Z. 2834; Node 56, Z. 3398; Node 14, Z. 1074"
NUP-041,NUP,GDB,NUP_Typ,xtf_id,SZ_Nutzungsplanung_kommunal_V2.Geobasisdaten.Typ,xtf_id,Quell-xtf_id bleibt TID; keine OBJECTID/GlobalID-Neuerzeugung im aktiven Pfad,STATISCH_BELEGT; ILI/GDB_LAUF_OFFEN,filegdbV2_2_xtf_final.fmw,"Node 310, Z. 1367; Node 96, Z. 5244; Node 36, Z. 2479; Node 38, Z. 2625; Node 39, Z. 2658; Node 40, Z. 2692; Node 42, Z. 2834; Node 56, Z. 3398; Node 14, Z. 1074"
GWR-001,GWR,GDB,GWR_Flächen,FEATURE,SZ_Gewaesserraum_V2.Geobasisdaten.Gewaesserraum,OBJEKT,"Aktive GDB-Requestorroute; Supplier sind zusätzliche Abhängigkeiten, keine eigenen Geometriequellen",STATISCH_BELEGT; ILI/GDB_LAUF_OFFEN,filegdbV2_to_xtf_GWR.fmw,"Node 120, Z. 977; Node 35, Z. 1592; Node 41, Z. 1627; Node 93, Z. 2259; Node 86, Z. 2122; Node 95, Z. 2287; Node 97, Z. 2315; Node 99, Z. 2344; Node 101, Z. 2379; Node 103, Z. 2422; Node 112, Z. 854"
GWR-002,GWR,GDB,GWR_Flächen,Bemerkung,SZ_Gewaesserraum_V2.Geobasisdaten.Gewaesserraum,Bemerkung,Namensgleicher Attributfluss laut FME-Deklaration; ILI-Domäne und echte Werte noch prüfen,STATISCH_BELEGT; ILI/GDB_LAUF_OFFEN,filegdbV2_to_xtf_GWR.fmw,"Node 120, Z. 977; Node 35, Z. 1592; Node 41, Z. 1627; Node 93, Z. 2259; Node 86, Z. 2122; Node 95, Z. 2287; Node 97, Z. 2315; Node 99, Z. 2344; Node 101, Z. 2379; Node 103, Z. 2422; Node 112, Z. 854"
GWR-003,GWR,GDB,GWR_Flächen,Doklink,SZ_Gewaesserraum_V2.Geobasisdaten.Gewaesserraum,Doklink,Namensgleicher Attributfluss laut FME-Deklaration; ILI-Domäne und echte Werte noch prüfen,STATISCH_BELEGT; ILI/GDB_LAUF_OFFEN,filegdbV2_to_xtf_GWR.fmw,"Node 120, Z. 977; Node 35, Z. 1592; Node 41, Z. 1627; Node 93, Z. 2259; Node 86, Z. 2122; Node 95, Z. 2287; Node 97, Z. 2315; Node 99, Z. 2344; Node 101, Z. 2379; Node 103, Z. 2422; Node 112, Z. 854"
GWR-004,GWR,GDB,GWR_Flächen,Gewaessername,SZ_Gewaesserraum_V2.Geobasisdaten.Gewaesserraum,Gewaessername,Namensgleicher Attributfluss laut FME-Deklaration; ILI-Domäne und echte Werte noch prüfen,STATISCH_BELEGT; ILI/GDB_LAUF_OFFEN,filegdbV2_to_xtf_GWR.fmw,"Node 120, Z. 977; Node 35, Z. 1592; Node 41, Z. 1627; Node 93, Z. 2259; Node 86, Z. 2122; Node 95, Z. 2287; Node 97, Z. 2315; Node 99, Z. 2344; Node 101, Z. 2379; Node 103, Z. 2422; Node 112, Z. 854"
GWR-005,GWR,GDB,GWR_Flächen,xtf_id,SZ_Gewaesserraum_V2.Geobasisdaten.Gewaesserraum,xtf_id,Quell-xtf_id bleibt TID; keine OBJECTID/GlobalID-Neuerzeugung im aktiven Pfad,STATISCH_BELEGT; ILI/GDB_LAUF_OFFEN,filegdbV2_to_xtf_GWR.fmw,"Node 120, Z. 977; Node 35, Z. 1592; Node 41, Z. 1627; Node 93, Z. 2259; Node 86, Z. 2122; Node 95, Z. 2287; Node 97, Z. 2315; Node 99, Z. 2344; Node 101, Z. 2379; Node 103, Z. 2422; Node 112, Z. 854"
GWR-006,GWR,GDB,GWR_Flächen,FEATURE_GEOMETRY,SZ_Gewaesserraum_V2.Geobasisdaten.Gewaesserraum,Geometrie,"Geometrie des GDB-Requestors; ArcStroker max. Abweichung 0.0005, danach XYZ auf 3 Dezimalstellen",STATISCH_BELEGT; ILI/GDB_LAUF_OFFEN,filegdbV2_to_xtf_GWR.fmw,"Node 120, Z. 977; Node 35, Z. 1592; Node 41, Z. 1627; Node 93, Z. 2259; Node 86, Z. 2122; Node 95, Z. 2287; Node 97, Z. 2315; Node 99, Z. 2344; Node 101, Z. 2379; Node 103, Z. 2422; Node 112, Z. 854"
GWR-007,GWR,GDB,GWR_TM_Datenbestand,FEATURE,SZ_Gewaesserraum_V2.TransferMetadaten.Datenbestand,OBJEKT,"Aktive GDB-Requestorroute; Supplier sind zusätzliche Abhängigkeiten, keine eigenen Geometriequellen",STATISCH_BELEGT; ILI/GDB_LAUF_OFFEN,filegdbV2_to_xtf_GWR.fmw,"Node 123, Z. 1010; Node 44, Z. 2452; Node 46, Z. 1720; Node 55, Z. 1778; Node 58, Z. 1875; Node 60, Z. 1907; Node 62, Z. 1960; Node 64, Z. 1986; Node 115, Z. 929"
GWR-008,GWR,GDB,GWR_TM_Datenbestand,Bemerkung,SZ_Gewaesserraum_V2.TransferMetadaten.Datenbestand,Bemerkung,Namensgleicher Attributfluss laut FME-Deklaration; ILI-Domäne und echte Werte noch prüfen,STATISCH_BELEGT; ILI/GDB_LAUF_OFFEN,filegdbV2_to_xtf_GWR.fmw,"Node 123, Z. 1010; Node 44, Z. 2452; Node 46, Z. 1720; Node 55, Z. 1778; Node 58, Z. 1875; Node 60, Z. 1907; Node 62, Z. 1960; Node 64, Z. 1986; Node 115, Z. 929"
GWR-009,GWR,GDB,GWR_TM_Datenbestand,Stand,SZ_Gewaesserraum_V2.TransferMetadaten.Datenbestand,Stand,"DateTimeConverter nach %Y-%m-%d; REPAIR_INPUT=YES in FME, neue Fehlerpolitik festzulegen",STATISCH_BELEGT; ILI/GDB_LAUF_OFFEN,filegdbV2_to_xtf_GWR.fmw,"Node 123, Z. 1010; Node 44, Z. 2452; Node 46, Z. 1720; Node 55, Z. 1778; Node 58, Z. 1875; Node 60, Z. 1907; Node 62, Z. 1960; Node 64, Z. 1986; Node 115, Z. 929"
GWR-010,GWR,GDB,GWR_TM_Datenbestand,xtf_id,SZ_Gewaesserraum_V2.TransferMetadaten.Datenbestand,xtf_id,Quell-xtf_id bleibt TID; keine OBJECTID/GlobalID-Neuerzeugung im aktiven Pfad,STATISCH_BELEGT; ILI/GDB_LAUF_OFFEN,filegdbV2_to_xtf_GWR.fmw,"Node 123, Z. 1010; Node 44, Z. 2452; Node 46, Z. 1720; Node 55, Z. 1778; Node 58, Z. 1875; Node 60, Z. 1907; Node 62, Z. 1960; Node 64, Z. 1986; Node 115, Z. 929"
LES-001,LES,GDB,NUP/Grundnutzung_Zonenflaeche,FEATURE,SZ_Laermempfindlichkeitsstufen_V2.Geobasisdaten.Laermempfindlichkeitszone,OBJEKT,"Aktive GDB-Requestorroute; Supplier sind zusätzliche Abhängigkeiten, keine eigenen Geometriequellen",STATISCH_BELEGT; ILI/GDB_LAUF_OFFEN,filegdbLESV2_2_xtf.fmw,"Node 152, Z. 1097; Node 138, Z. 2948; Node 137, Z. 2887; Node 139, Z. 2920; Node 32, Z. 1511; Node 78, Z. 2226; Node 81, Z. 2376; Node 145, Z. 2994; Node 106, Z. 2613; Node 107, Z. 2654; Node 121, Z. 2752; Node 12, Z. 932"
LES-002,LES,GDB,NUP/Grundnutzung_Zonenflaeche,Bemerkung,SZ_Laermempfindlichkeitsstufen_V2.Geobasisdaten.Laermempfindlichkeitszone,Bemerkung,Namensgleicher Attributfluss laut FME-Deklaration; ILI-Domäne und echte Werte noch prüfen,STATISCH_BELEGT; ILI/GDB_LAUF_OFFEN,filegdbLESV2_2_xtf.fmw,"Node 152, Z. 1097; Node 138, Z. 2948; Node 137, Z. 2887; Node 139, Z. 2920; Node 32, Z. 1511; Node 78, Z. 2226; Node 81, Z. 2376; Node 145, Z. 2994; Node 106, Z. 2613; Node 107, Z. 2654; Node 121, Z. 2752; Node 12, Z. 932"
LES-003,LES,GDB,NUP/Grundnutzung_Zonenflaeche,FEATURE_GEOMETRY,SZ_Laermempfindlichkeitsstufen_V2.Geobasisdaten.Laermempfindlichkeitszone,Geometrie,"Geometrie des GDB-Requestors; ArcStroker max. Abweichung 0.0005, danach XYZ auf 3 Dezimalstellen",STATISCH_BELEGT; ILI/GDB_LAUF_OFFEN,filegdbLESV2_2_xtf.fmw,"Node 152, Z. 1097; Node 138, Z. 2948; Node 137, Z. 2887; Node 139, Z. 2920; Node 32, Z. 1511; Node 78, Z. 2226; Node 81, Z. 2376; Node 145, Z. 2994; Node 106, Z. 2613; Node 107, Z. 2654; Node 121, Z. 2752; Node 12, Z. 932"
LES-004,LES,GDB,LES_Typ,FEATURE,SZ_Laermempfindlichkeitsstufen_V2.Geobasisdaten.Typ,OBJEKT,"Aktive GDB-Requestorroute; Supplier sind zusätzliche Abhängigkeiten, keine eigenen Geometriequellen",STATISCH_BELEGT; ILI/GDB_LAUF_OFFEN,filegdbLESV2_2_xtf.fmw,"Node 147, Z. 1063; Node 43, Z. 1766; Node 52, Z. 1802; Node 58, Z. 1958; Node 62, Z. 2058; Node 117, Z. 2716; Node 10, Z. 879"
LES-005,LES,GDB,LES_Typ,Abkuerzung,SZ_Laermempfindlichkeitsstufen_V2.Geobasisdaten.Typ,Abkuerzung,Namensgleicher Attributfluss laut FME-Deklaration; ILI-Domäne und echte Werte noch prüfen,STATISCH_BELEGT; ILI/GDB_LAUF_OFFEN,filegdbLESV2_2_xtf.fmw,"Node 147, Z. 1063; Node 43, Z. 1766; Node 52, Z. 1802; Node 58, Z. 1958; Node 62, Z. 2058; Node 117, Z. 2716; Node 10, Z. 879"
LES-006,LES,GDB,LES_Typ,Bemerkung,SZ_Laermempfindlichkeitsstufen_V2.Geobasisdaten.Typ,Bemerkung,Namensgleicher Attributfluss laut FME-Deklaration; ILI-Domäne und echte Werte noch prüfen,STATISCH_BELEGT; ILI/GDB_LAUF_OFFEN,filegdbLESV2_2_xtf.fmw,"Node 147, Z. 1063; Node 43, Z. 1766; Node 52, Z. 1802; Node 58, Z. 1958; Node 62, Z. 2058; Node 117, Z. 2716; Node 10, Z. 879"
LES-007,LES,GDB,LES_Typ,Bezeichnung,SZ_Laermempfindlichkeitsstufen_V2.Geobasisdaten.Typ,Bezeichnung,Namensgleicher Attributfluss laut FME-Deklaration; ILI-Domäne und echte Werte noch prüfen,STATISCH_BELEGT; ILI/GDB_LAUF_OFFEN,filegdbLESV2_2_xtf.fmw,"Node 147, Z. 1063; Node 43, Z. 1766; Node 52, Z. 1802; Node 58, Z. 1958; Node 62, Z. 2058; Node 117, Z. 2716; Node 10, Z. 879"
LES-008,LES,GDB,LES_Typ,Doklink,SZ_Laermempfindlichkeitsstufen_V2.Geobasisdaten.Typ,Doklink,Namensgleicher Attributfluss laut FME-Deklaration; ILI-Domäne und echte Werte noch prüfen,STATISCH_BELEGT; ILI/GDB_LAUF_OFFEN,filegdbLESV2_2_xtf.fmw,"Node 147, Z. 1063; Node 43, Z. 1766; Node 52, Z. 1802; Node 58, Z. 1958; Node 62, Z. 2058; Node 117, Z. 2716; Node 10, Z. 879"
LES-009,LES,GDB,LES_Typ,xtf_id,SZ_Laermempfindlichkeitsstufen_V2.Geobasisdaten.Typ,xtf_id,Quell-xtf_id bleibt TID; keine OBJECTID/GlobalID-Neuerzeugung im aktiven Pfad,STATISCH_BELEGT; ILI/GDB_LAUF_OFFEN,filegdbLESV2_2_xtf.fmw,"Node 147, Z. 1063; Node 43, Z. 1766; Node 52, Z. 1802; Node 58, Z. 1958; Node 62, Z. 2058; Node 117, Z. 2716; Node 10, Z. 879"
LES-010,LES,GDB,LES_TM_Datenbestand,FEATURE,SZ_Laermempfindlichkeitsstufen_V2.TransferMetadaten.Datenbestand,OBJEKT,"Aktive GDB-Requestorroute; Supplier sind zusätzliche Abhängigkeiten, keine eigenen Geometriequellen",STATISCH_BELEGT; ILI/GDB_LAUF_OFFEN,filegdbLESV2_2_xtf.fmw,"Node 142, Z. 1032; Node 37, Z. 1545; Node 39, Z. 1578; Node 41, Z. 1623; Node 47, Z. 1740; Node 111, Z. 2683; Node 15, Z. 1007"
LES-011,LES,GDB,LES_TM_Datenbestand,Bemerkung,SZ_Laermempfindlichkeitsstufen_V2.TransferMetadaten.Datenbestand,Bemerkung,Namensgleicher Attributfluss laut FME-Deklaration; ILI-Domäne und echte Werte noch prüfen,STATISCH_BELEGT; ILI/GDB_LAUF_OFFEN,filegdbLESV2_2_xtf.fmw,"Node 142, Z. 1032; Node 37, Z. 1545; Node 39, Z. 1578; Node 41, Z. 1623; Node 47, Z. 1740; Node 111, Z. 2683; Node 15, Z. 1007"
LES-012,LES,GDB,LES_TM_Datenbestand,Stand,SZ_Laermempfindlichkeitsstufen_V2.TransferMetadaten.Datenbestand,Stand,"DateTimeConverter nach %Y-%m-%d; REPAIR_INPUT=YES in FME, neue Fehlerpolitik festzulegen",STATISCH_BELEGT; ILI/GDB_LAUF_OFFEN,filegdbLESV2_2_xtf.fmw,"Node 142, Z. 1032; Node 37, Z. 1545; Node 39, Z. 1578; Node 41, Z. 1623; Node 47, Z. 1740; Node 111, Z. 2683; Node 15, Z. 1007"
LES-013,LES,GDB,LES_TM_Datenbestand,xtf_id,SZ_Laermempfindlichkeitsstufen_V2.TransferMetadaten.Datenbestand,xtf_id,Quell-xtf_id bleibt TID; keine OBJECTID/GlobalID-Neuerzeugung im aktiven Pfad,STATISCH_BELEGT; ILI/GDB_LAUF_OFFEN,filegdbLESV2_2_xtf.fmw,"Node 142, Z. 1032; Node 37, Z. 1545; Node 39, Z. 1578; Node 41, Z. 1623; Node 47, Z. 1740; Node 111, Z. 2683; Node 15, Z. 1007"
SNP-001,SNP,GDB,SNP_Flächen,FEATURE,SZ_Sondernutzungsplanung_kommunal_V1.Geobasisdaten.Geometrie,OBJEKT,"Aktive GDB-Requestorroute; Supplier sind zusätzliche Abhängigkeiten, keine eigenen Geometriequellen",STATISCH_BELEGT; ILI/GDB_LAUF_OFFEN,filegdbV1_to_xtf_SNP_V1.fmw,"Node 162, Z. 1009; Node 157, Z. 1949; Node 161, Z. 2760; Node 133, Z. 2475; Node 109, Z. 2602; Node 180, Z. 1981; Node 114, Z. 2450; Node 185, Z. 2063; Node 187, Z. 2089; Node 269, Z. 2148; Node 273, Z. 2121; Node 143, Z. 908"
SNP-002,SNP,GDB,SNP_Flächen,Bemerkung,SZ_Sondernutzungsplanung_kommunal_V1.Geobasisdaten.Geometrie,Bemerkung,Namensgleicher Attributfluss laut FME-Deklaration; ILI-Domäne und echte Werte noch prüfen,STATISCH_BELEGT; ILI/GDB_LAUF_OFFEN,filegdbV1_to_xtf_SNP_V1.fmw,"Node 162, Z. 1009; Node 157, Z. 1949; Node 161, Z. 2760; Node 133, Z. 2475; Node 109, Z. 2602; Node 180, Z. 1981; Node 114, Z. 2450; Node 185, Z. 2063; Node 187, Z. 2089; Node 269, Z. 2148; Node 273, Z. 2121; Node 143, Z. 908"
SNP-003,SNP,GDB,SNP_Flächen,xtf_id,SZ_Sondernutzungsplanung_kommunal_V1.Geobasisdaten.Geometrie,xtf_id,Quell-xtf_id bleibt TID; keine OBJECTID/GlobalID-Neuerzeugung im aktiven Pfad,STATISCH_BELEGT; ILI/GDB_LAUF_OFFEN,filegdbV1_to_xtf_SNP_V1.fmw,"Node 162, Z. 1009; Node 157, Z. 1949; Node 161, Z. 2760; Node 133, Z. 2475; Node 109, Z. 2602; Node 180, Z. 1981; Node 114, Z. 2450; Node 185, Z. 2063; Node 187, Z. 2089; Node 269, Z. 2148; Node 273, Z. 2121; Node 143, Z. 908"
SNP-004,SNP,GDB,SNP_Flächen,FEATURE_GEOMETRY,SZ_Sondernutzungsplanung_kommunal_V1.Geobasisdaten.Geometrie,Geometrie,"Geometrie des GDB-Requestors; ArcStroker max. Abweichung 0.0005, danach XYZ auf 3 Dezimalstellen",STATISCH_BELEGT; ILI/GDB_LAUF_OFFEN,filegdbV1_to_xtf_SNP_V1.fmw,"Node 162, Z. 1009; Node 157, Z. 1949; Node 161, Z. 2760; Node 133, Z. 2475; Node 109, Z. 2602; Node 180, Z. 1981; Node 114, Z. 2450; Node 185, Z. 2063; Node 187, Z. 2089; Node 269, Z. 2148; Node 273, Z. 2121; Node 143, Z. 908"
SNP-005,SNP,GDB,SNP_Typ,FEATURE,SZ_Sondernutzungsplanung_kommunal_V1.Geobasisdaten.Typ,OBJEKT,"Aktive GDB-Requestorroute; Supplier sind zusätzliche Abhängigkeiten, keine eigenen Geometriequellen",STATISCH_BELEGT; ILI/GDB_LAUF_OFFEN,filegdbV1_to_xtf_SNP_V1.fmw,"Node 178, Z. 1069; Node 102, Z. 1661; Node 150, Z. 2386; Node 100, Z. 1525; Node 110, Z. 1695; Node 107, Z. 2421; Node 159, Z. 1913; Node 135, Z. 790"
SNP-006,SNP,GDB,SNP_Typ,Abkuerzung,SZ_Sondernutzungsplanung_kommunal_V1.Geobasisdaten.Typ,Abkuerzung,Namensgleicher Attributfluss laut FME-Deklaration; ILI-Domäne und echte Werte noch prüfen,STATISCH_BELEGT; ILI/GDB_LAUF_OFFEN,filegdbV1_to_xtf_SNP_V1.fmw,"Node 178, Z. 1069; Node 102, Z. 1661; Node 150, Z. 2386; Node 100, Z. 1525; Node 110, Z. 1695; Node 107, Z. 2421; Node 159, Z. 1913; Node 135, Z. 790"
SNP-007,SNP,GDB,SNP_Typ,Bemerkung,SZ_Sondernutzungsplanung_kommunal_V1.Geobasisdaten.Typ,Bemerkung,Namensgleicher Attributfluss laut FME-Deklaration; ILI-Domäne und echte Werte noch prüfen,STATISCH_BELEGT; ILI/GDB_LAUF_OFFEN,filegdbV1_to_xtf_SNP_V1.fmw,"Node 178, Z. 1069; Node 102, Z. 1661; Node 150, Z. 2386; Node 100, Z. 1525; Node 110, Z. 1695; Node 107, Z. 2421; Node 159, Z. 1913; Node 135, Z. 790"
SNP-008,SNP,GDB,SNP_Typ,Bezeichnung,SZ_Sondernutzungsplanung_kommunal_V1.Geobasisdaten.Typ,Bezeichnung,Namensgleicher Attributfluss laut FME-Deklaration; ILI-Domäne und echte Werte noch prüfen,STATISCH_BELEGT; ILI/GDB_LAUF_OFFEN,filegdbV1_to_xtf_SNP_V1.fmw,"Node 178, Z. 1069; Node 102, Z. 1661; Node 150, Z. 2386; Node 100, Z. 1525; Node 110, Z. 1695; Node 107, Z. 2421; Node 159, Z. 1913; Node 135, Z. 790"
SNP-009,SNP,GDB,SNP_Typ,Code,SZ_Sondernutzungsplanung_kommunal_V1.Geobasisdaten.Typ,Code,Namensgleicher Attributfluss laut FME-Deklaration; ILI-Domäne und echte Werte noch prüfen,STATISCH_BELEGT; ILI/GDB_LAUF_OFFEN,filegdbV1_to_xtf_SNP_V1.fmw,"Node 178, Z. 1069; Node 102, Z. 1661; Node 150, Z. 2386; Node 100, Z. 1525; Node 110, Z. 1695; Node 107, Z. 2421; Node 159, Z. 1913; Node 135, Z. 790"
SNP-010,SNP,GDB,SNP_Typ,Doklink,SZ_Sondernutzungsplanung_kommunal_V1.Geobasisdaten.Typ,Doklink,Namensgleicher Attributfluss laut FME-Deklaration; ILI-Domäne und echte Werte noch prüfen,STATISCH_BELEGT; ILI/GDB_LAUF_OFFEN,filegdbV1_to_xtf_SNP_V1.fmw,"Node 178, Z. 1069; Node 102, Z. 1661; Node 150, Z. 2386; Node 100, Z. 1525; Node 110, Z. 1695; Node 107, Z. 2421; Node 159, Z. 1913; Node 135, Z. 790"
SNP-011,SNP,GDB,SNP_Typ,xtf_id,SZ_Sondernutzungsplanung_kommunal_V1.Geobasisdaten.Typ,xtf_id,Quell-xtf_id bleibt TID; keine OBJECTID/GlobalID-Neuerzeugung im aktiven Pfad,STATISCH_BELEGT; ILI/GDB_LAUF_OFFEN,filegdbV1_to_xtf_SNP_V1.fmw,"Node 178, Z. 1069; Node 102, Z. 1661; Node 150, Z. 2386; Node 100, Z. 1525; Node 110, Z. 1695; Node 107, Z. 2421; Node 159, Z. 1913; Node 135, Z. 790"
SNP-012,SNP,GDB,SNP_TM_Datenbestand,FEATURE,SZ_Sondernutzungsplanung_kommunal_V1.TransferMetadaten.Datenbestand,OBJEKT,"Aktive GDB-Requestorroute; Supplier sind zusätzliche Abhängigkeiten, keine eigenen Geometriequellen",STATISCH_BELEGT; ILI/GDB_LAUF_OFFEN,filegdbV1_to_xtf_SNP_V1.fmw,"Node 177, Z. 1039; Node 61, Z. 1354; Node 80, Z. 1386; Node 140, Z. 2649; Node 83, Z. 1442; Node 74, Z. 1473; Node 155, Z. 1856; Node 163, Z. 1881; Node 142, Z. 886"
SNP-013,SNP,GDB,SNP_TM_Datenbestand,Bemerkung,SZ_Sondernutzungsplanung_kommunal_V1.TransferMetadaten.Datenbestand,Bemerkung,Namensgleicher Attributfluss laut FME-Deklaration; ILI-Domäne und echte Werte noch prüfen,STATISCH_BELEGT; ILI/GDB_LAUF_OFFEN,filegdbV1_to_xtf_SNP_V1.fmw,"Node 177, Z. 1039; Node 61, Z. 1354; Node 80, Z. 1386; Node 140, Z. 2649; Node 83, Z. 1442; Node 74, Z. 1473; Node 155, Z. 1856; Node 163, Z. 1881; Node 142, Z. 886"
SNP-014,SNP,GDB,SNP_TM_Datenbestand,Stand,SZ_Sondernutzungsplanung_kommunal_V1.TransferMetadaten.Datenbestand,Stand,"DateTimeConverter nach %Y-%m-%d; REPAIR_INPUT=YES in FME, neue Fehlerpolitik festzulegen",STATISCH_BELEGT; ILI/GDB_LAUF_OFFEN,filegdbV1_to_xtf_SNP_V1.fmw,"Node 177, Z. 1039; Node 61, Z. 1354; Node 80, Z. 1386; Node 140, Z. 2649; Node 83, Z. 1442; Node 74, Z. 1473; Node 155, Z. 1856; Node 163, Z. 1881; Node 142, Z. 886"
SNP-015,SNP,GDB,SNP_TM_Datenbestand,xtf_id,SZ_Sondernutzungsplanung_kommunal_V1.TransferMetadaten.Datenbestand,xtf_id,Quell-xtf_id bleibt TID; keine OBJECTID/GlobalID-Neuerzeugung im aktiven Pfad,STATISCH_BELEGT; ILI/GDB_LAUF_OFFEN,filegdbV1_to_xtf_SNP_V1.fmw,"Node 177, Z. 1039; Node 61, Z. 1354; Node 80, Z. 1386; Node 140, Z. 2649; Node 83, Z. 1442; Node 74, Z. 1473; Node 155, Z. 1856; Node 163, Z. 1881; Node 142, Z. 886"
NUP-042,NUP,GDB,NUP_Typ,Code_Kanton,SZ_Nutzungsplanung_kommunal_V2.Geobasisdaten.Typ,rTyp_Kanton,Code_Kanton = Stammdaten.Typ_Kanton.Code; Katalog-xtf_id wird rTyp_Kanton,STATISCH_BELEGT; ILI/GDB_LAUF_OFFEN,filegdbV2_2_xtf_final.fmw,"Node 310, Z. 1367; Node 37, Z. 2598; Node 36, Z. 2479"
NUP-043,NUP,GDB,NUP_Typ,Verbindlichkeit,SZ_Nutzungsplanung_kommunal_V2.Geobasisdaten.Typ,rVerbindlichkeit,Verbindlichkeit = Katalogeintrag.Code (umbenannt Code_Verbindlichkeit); Katalog-xtf_id wird Referenz,STATISCH_BELEGT; ILI/GDB_LAUF_OFFEN,filegdbV2_2_xtf_final.fmw,"Node 310, Z. 1367; Node 41, Z. 2808; Node 40, Z. 2692"
NUP-044,NUP,GDB,NUP_TM_Datenbestand,Lieferinhalt,SZ_Nutzungsplanung_kommunal_V2.TransferMetadaten.Datenbestand,rLieferinhalt,"@GetWord(Lieferinhalt,1), dann Join gegen Katalogeintrag.Name; Katalog-xtf_id wird Referenz",STATISCH_BELEGT; ILI/GDB_LAUF_OFFEN,filegdbV2_2_xtf_final.fmw,"Node 309, Z. 1337; Node 32, Z. 2339; Node 33, Z. 2369; Node 31, Z. 2241"
GWR-011,GWR,GDB,GWR_Flächen,Typ,SZ_Gewaesserraum_V2.Geobasisdaten.Gewaesserraum,rTyp,Typ = Stammdaten.Typ.Code; Katalog-xtf_id wird rTyp,STATISCH_BELEGT; ILI/GDB_LAUF_OFFEN,filegdbV2_to_xtf_GWR.fmw,"Node 120, Z. 977; Node 83, Z. 2092; Node 41, Z. 1627"
GWR-012,GWR,GDB,GWR_Flächen,Rechtsstatus,SZ_Gewaesserraum_V2.Geobasisdaten.Gewaesserraum,rRechtsstatus,Rechtsstatus = Katalogeintrag.Code; Katalog-xtf_id wird Referenz,STATISCH_BELEGT; ILI/GDB_LAUF_OFFEN,filegdbV2_to_xtf_GWR.fmw,"Node 120, Z. 977; Node 89, Z. 2235; Node 86, Z. 2122"
GWR-013,GWR,GDB,GWR_TM_Datenbestand,Lieferinhalt,SZ_Gewaesserraum_V2.TransferMetadaten.Datenbestand,rLieferinhalt,"@GetWord(Lieferinhalt,1), Join gegen Katalogeintrag.Name",STATISCH_BELEGT; ILI/GDB_LAUF_OFFEN,filegdbV2_to_xtf_GWR.fmw,"Node 123, Z. 1010; Node 46, Z. 1720; Node 52, Z. 1751; Node 55, Z. 1778"
LES-014,LES,GDB,LES_Typ,Bezeichnung,SZ_Laermempfindlichkeitsstufen_V2.Geobasisdaten.Typ,rTyp_Kanton,Bezeichnung = Stammdaten.Typ_Kanton.Name; NICHT das Quellfeld Typ_Kanton,STATISCH_BELEGT; ILI/GDB_LAUF_OFFEN,filegdbLESV2_2_xtf.fmw,"Node 147, Z. 1063; Node 53, Z. 1898; Node 52, Z. 1802"
LES-015,LES,GDB,LES_Typ,Verbindlichkeit,SZ_Laermempfindlichkeitsstufen_V2.Geobasisdaten.Typ,rVerbindlichkeit,Verbindlichkeit = Stammdaten.Verbindlichkeit.Name; Katalog-xtf_id wird Referenz,STATISCH_BELEGT; ILI/GDB_LAUF_OFFEN,filegdbLESV2_2_xtf.fmw,"Node 147, Z. 1063; Node 57, Z. 1928; Node 58, Z. 1958"
LES-016,LES,GDB,NUP/Grundnutzung_Zonenflaeche,LES_Typ,SZ_Laermempfindlichkeitsstufen_V2.Geobasisdaten.Laermempfindlichkeitszone,rTyp,LES_Typ = LES_Typ.Abkuerzung; LES_Typ.xtf_id wird rTyp,STATISCH_BELEGT; ILI/GDB_LAUF_OFFEN,filegdbLESV2_2_xtf.fmw,"Node 152, Z. 1097; Node 80, Z. 2346; Node 81, Z. 2376"
LES-017,LES,GDB,NUP/Grundnutzung_Zonenflaeche,Rechtsstatus,SZ_Laermempfindlichkeitsstufen_V2.Geobasisdaten.Laermempfindlichkeitszone,rRechtsstatus,Rechtsstatus = Stammdaten.Rechtsstatus.Code,STATISCH_BELEGT; ILI/GDB_LAUF_OFFEN,filegdbLESV2_2_xtf.fmw,"Node 152, Z. 1097; Node 79, Z. 2316; Node 78, Z. 2226"
LES-018,LES,GDB,NUP/Grundnutzung_Zonenflaeche,xtf_id,SZ_Laermempfindlichkeitsstufen_V2.Geobasisdaten.Laermempfindlichkeitszone,TID,Quell-xtf_id entfernt; neue UUID_ONLY pro Lauf; Referenz-TIDs nicht direkt vergleichbar,STATISCH_BELEGT; ILI/GDB_LAUF_OFFEN,filegdbLESV2_2_xtf.fmw,"Node 152, Z. 1097; Node 137, Z. 2887; Node 139, Z. 2920"
LES-019,LES,GDB,NUP/Grundnutzung_Zonenflaeche,LES_Typ,SZ_Laermempfindlichkeitsstufen_V2.Geobasisdaten.Laermempfindlichkeitszone,EXPORTFILTER,keineES oder keine_ES: PASSED nicht angeschlossen; FAILED wird exportiert; zusätzliche Code-Präfix-Prüfung 44/32/18 als Abbruchzweig,STATISCH_BELEGT; ILI/GDB_LAUF_OFFEN,filegdbLESV2_2_xtf.fmw,"Node 152, Z. 1097; Node 138, Z. 2948; Node 166, Z. 3147"
LES-020,LES,GDB,LES_TM_Datenbestand,Lieferinhalt,SZ_Laermempfindlichkeitsstufen_V2.TransferMetadaten.Datenbestand,rLieferinhalt,Direkter Name-Join; kein GetWord-Normalisierer im aktiven LES-Pfad,STATISCH_BELEGT; ILI/GDB_LAUF_OFFEN,filegdbLESV2_2_xtf.fmw,"Node 142, Z. 1032; Node 44, Z. 1710; Node 41, Z. 1623"
SNP-016,SNP,GDB,SNP_Typ,Code,SZ_Sondernutzungsplanung_kommunal_V1.Geobasisdaten.Typ,rTyp_Kt,"Code_Kanton = @Substring(Code,0,4); Join gegen Stammdaten.Typ_Kanton.Code",STATISCH_BELEGT; ILI/GDB_LAUF_OFFEN,filegdbV1_to_xtf_SNP_V1.fmw,"Node 178, Z. 1069; Node 150, Z. 2386; Node 103, Z. 1633; Node 100, Z. 1525"
SNP-017,SNP,GDB,SNP_Flächen,Typ,SZ_Sondernutzungsplanung_kommunal_V1.Geobasisdaten.Geometrie,rTyp,Typ = SNP_Typ.Code; SNP_Typ.xtf_id wird rTyp,STATISCH_BELEGT; ILI/GDB_LAUF_OFFEN,filegdbV1_to_xtf_SNP_V1.fmw,"Node 162, Z. 1009; Node 129, Z. 2220; Node 133, Z. 2475"
SNP-018,SNP,GDB,SNP_Flächen,Rechtsstatus,SZ_Sondernutzungsplanung_kommunal_V1.Geobasisdaten.Geometrie,rRechtsstatus,Rechtsstatus = Katalogeintrag.Code; Katalog-xtf_id wird Referenz,STATISCH_BELEGT; ILI/GDB_LAUF_OFFEN,filegdbV1_to_xtf_SNP_V1.fmw,"Node 162, Z. 1009; Node 151, Z. 1833; Node 180, Z. 1981"
SNP-019,SNP,GDB,SNP_TM_Datenbestand,Lieferinhalt,SZ_Sondernutzungsplanung_kommunal_V1.TransferMetadaten.Datenbestand,rLieferinhalt,"@GetWord(Lieferinhalt,1), Join gegen Katalogeintrag.Name",STATISCH_BELEGT; ILI/GDB_LAUF_OFFEN,filegdbV1_to_xtf_SNP_V1.fmw,"Node 177, Z. 1039; Node 80, Z. 1386; Node 73, Z. 1416; Node 140, Z. 2649"
NUP-045,NUP,GDB,NUP/Grundnutzung_Zonenflaeche,Code,SZ_Nutzungsplanung_kommunal_V2.Geobasisdaten.Grundnutzung_Zonenflaeche,rTyp,Code = NUP_Typ.Code; NUP_Typ.xtf_id als Referenz; Rechtstatus-Zulieferung getrennt,STATISCH_BELEGT; ILI/GDB_LAUF_OFFEN,filegdbV2_2_xtf_final.fmw,"Node 303, Z. 1152; Node 310, Z. 1367; Node 48, Z. 3097; Node 119, Z. 5918; Node 120, Z. 5956; Node 97, Z. 5277; Node 105, Z. 5481; Node 47, Z. 3011; Node 103, Z. 5432; Node 49, Z. 3126; Node 51, Z. 3256; Node 52, Z. 3282; Node 57, Z. 3437; Node 83, Z. 4836; Node 108, Z. 5563; Node 109, Z. 5617; Node 84, Z. 4876; Node 106, Z. 5504; Node 116, Z. 5842"
NUP-046,NUP,GDB,NUP/Grundnutzung_Zonenflaeche,Rechtsstatus,SZ_Nutzungsplanung_kommunal_V2.Geobasisdaten.Grundnutzung_Zonenflaeche,rRechtsstatus,Rechtsstatus = Stammdaten.Katalogeintrag.Code; nur Grundnutzung normalisiert in Kraft/Änderung/Aenderung,STATISCH_BELEGT; ILI/GDB_LAUF_OFFEN,filegdbV2_2_xtf_final.fmw,"Node 303, Z. 1152; Node 50, Z. 3229; Node 119, Z. 5918; Node 120, Z. 5956; Node 97, Z. 5277; Node 105, Z. 5481; Node 47, Z. 3011; Node 103, Z. 5432; Node 49, Z. 3126; Node 51, Z. 3256; Node 52, Z. 3282; Node 57, Z. 3437; Node 83, Z. 4836; Node 108, Z. 5563; Node 109, Z. 5617; Node 84, Z. 4876; Node 106, Z. 5504; Node 116, Z. 5842"
NUP-047,NUP,GDB,NUP/Linienbezogene_Festlegung,Code,SZ_Nutzungsplanung_kommunal_V2.Geobasisdaten.Linienbezogene_Festlegung,rTyp,Code = NUP_Typ.Code; NUP_Typ.xtf_id als Referenz; Rechtstatus-Zulieferung getrennt,STATISCH_BELEGT; ILI/GDB_LAUF_OFFEN,filegdbV2_2_xtf_final.fmw,"Node 304, Z. 1183; Node 310, Z. 1367; Node 48, Z. 3097; Node 124, Z. 6047; Node 99, Z. 5328; Node 63, Z. 3736; Node 64, Z. 3819; Node 65, Z. 3919; Node 66, Z. 3944; Node 67, Z. 3970; Node 91, Z. 5082; Node 86, Z. 4932; Node 112, Z. 5732"
NUP-048,NUP,GDB,NUP/Linienbezogene_Festlegung,Rechtsstatus,SZ_Nutzungsplanung_kommunal_V2.Geobasisdaten.Linienbezogene_Festlegung,rRechtsstatus,Rechtsstatus = Stammdaten.Katalogeintrag.Code; nur Grundnutzung normalisiert in Kraft/Änderung/Aenderung,STATISCH_BELEGT; ILI/GDB_LAUF_OFFEN,filegdbV2_2_xtf_final.fmw,"Node 304, Z. 1183; Node 50, Z. 3229; Node 124, Z. 6047; Node 99, Z. 5328; Node 63, Z. 3736; Node 64, Z. 3819; Node 65, Z. 3919; Node 66, Z. 3944; Node 67, Z. 3970; Node 91, Z. 5082; Node 86, Z. 4932; Node 112, Z. 5732"
NUP-049,NUP,GDB,NUP/Objektbezogene_Festlegung,Code,SZ_Nutzungsplanung_kommunal_V2.Geobasisdaten.Objektbezogene_Festlegung,rTyp,Code = NUP_Typ.Code; NUP_Typ.xtf_id als Referenz; Rechtstatus-Zulieferung getrennt,STATISCH_BELEGT; ILI/GDB_LAUF_OFFEN,filegdbV2_2_xtf_final.fmw,"Node 305, Z. 1213; Node 310, Z. 1367; Node 48, Z. 3097; Node 126, Z. 6100; Node 100, Z. 5353; Node 68, Z. 4002; Node 74, Z. 4378; Node 75, Z. 4478; Node 76, Z. 4503; Node 77, Z. 4529; Node 87, Z. 4959"
NUP-050,NUP,GDB,NUP/Objektbezogene_Festlegung,Rechtsstatus,SZ_Nutzungsplanung_kommunal_V2.Geobasisdaten.Objektbezogene_Festlegung,rRechtsstatus,Rechtsstatus = Stammdaten.Katalogeintrag.Code; nur Grundnutzung normalisiert in Kraft/Änderung/Aenderung,STATISCH_BELEGT; ILI/GDB_LAUF_OFFEN,filegdbV2_2_xtf_final.fmw,"Node 305, Z. 1213; Node 50, Z. 3229; Node 126, Z. 6100; Node 100, Z. 5353; Node 68, Z. 4002; Node 74, Z. 4378; Node 75, Z. 4478; Node 76, Z. 4503; Node 77, Z. 4529; Node 87, Z. 4959"
NUP-051,NUP,GDB,NUP/Ueberlagernde_Festlegung,Code,SZ_Nutzungsplanung_kommunal_V2.Geobasisdaten.Ueberlagernde_Festlegung,rTyp,Code = NUP_Typ.Code; NUP_Typ.xtf_id als Referenz; Rechtstatus-Zulieferung getrennt,STATISCH_BELEGT; ILI/GDB_LAUF_OFFEN,filegdbV2_2_xtf_final.fmw,"Node 306, Z. 1243; Node 310, Z. 1367; Node 48, Z. 3097; Node 122, Z. 5994; Node 98, Z. 5303; Node 58, Z. 3470; Node 59, Z. 3553; Node 60, Z. 3653; Node 61, Z. 3678; Node 62, Z. 3704; Node 90, Z. 5044; Node 85, Z. 4905; Node 114, Z. 5787"
NUP-052,NUP,GDB,NUP/Ueberlagernde_Festlegung,Rechtsstatus,SZ_Nutzungsplanung_kommunal_V2.Geobasisdaten.Ueberlagernde_Festlegung,rRechtsstatus,Rechtsstatus = Stammdaten.Katalogeintrag.Code; nur Grundnutzung normalisiert in Kraft/Änderung/Aenderung,STATISCH_BELEGT; ILI/GDB_LAUF_OFFEN,filegdbV2_2_xtf_final.fmw,"Node 306, Z. 1243; Node 50, Z. 3229; Node 122, Z. 5994; Node 98, Z. 5303; Node 58, Z. 3470; Node 59, Z. 3553; Node 60, Z. 3653; Node 61, Z. 3678; Node 62, Z. 3704; Node 90, Z. 5044; Node 85, Z. 4905; Node 114, Z. 5787"
NUP-053,NUP,GDB,NUP/Wirkbereich_Linie,Code,SZ_Nutzungsplanung_kommunal_V2.Geobasisdaten.Wirkbereich_Linie,rTyp,Code = NUP_Typ.Code; NUP_Typ.xtf_id als Referenz; Rechtstatus-Zulieferung getrennt,STATISCH_BELEGT; ILI/GDB_LAUF_OFFEN,filegdbV2_2_xtf_final.fmw,"Node 307, Z. 1273; Node 310, Z. 1367; Node 48, Z. 3097; Node 128, Z. 6153; Node 101, Z. 5378; Node 69, Z. 4085; Node 70, Z. 4177; Node 71, Z. 4286; Node 72, Z. 4314; Node 73, Z. 4343; Node 92, Z. 5120; Node 88, Z. 4986"
NUP-054,NUP,GDB,NUP/Wirkbereich_Linie,Rechtsstatus,SZ_Nutzungsplanung_kommunal_V2.Geobasisdaten.Wirkbereich_Linie,rRechtsstatus,Rechtsstatus = Stammdaten.Katalogeintrag.Code; nur Grundnutzung normalisiert in Kraft/Änderung/Aenderung,STATISCH_BELEGT; ILI/GDB_LAUF_OFFEN,filegdbV2_2_xtf_final.fmw,"Node 307, Z. 1273; Node 50, Z. 3229; Node 128, Z. 6153; Node 101, Z. 5378; Node 69, Z. 4085; Node 70, Z. 4177; Node 71, Z. 4286; Node 72, Z. 4314; Node 73, Z. 4343; Node 92, Z. 5120; Node 88, Z. 4986"
NUP-055,NUP,GDB,NUP/Wirkbereich_Punkt,Code,SZ_Nutzungsplanung_kommunal_V2.Geobasisdaten.Wirkbereich_Punkt,rTyp,Code = NUP_Typ.Code; NUP_Typ.xtf_id als Referenz; Rechtstatus-Zulieferung getrennt,STATISCH_BELEGT; ILI/GDB_LAUF_OFFEN,filegdbV2_2_xtf_final.fmw,"Node 308, Z. 1306; Node 310, Z. 1367; Node 48, Z. 3097; Node 129, Z. 6195; Node 102, Z. 5406; Node 78, Z. 4561; Node 79, Z. 4647; Node 80, Z. 4750; Node 81, Z. 4776; Node 82, Z. 4803; Node 93, Z. 5164; Node 89, Z. 5016"
NUP-056,NUP,GDB,NUP/Wirkbereich_Punkt,Rechtsstatus,SZ_Nutzungsplanung_kommunal_V2.Geobasisdaten.Wirkbereich_Punkt,rRechtsstatus,Rechtsstatus = Stammdaten.Katalogeintrag.Code; nur Grundnutzung normalisiert in Kraft/Änderung/Aenderung,STATISCH_BELEGT; ILI/GDB_LAUF_OFFEN,filegdbV2_2_xtf_final.fmw,"Node 308, Z. 1306; Node 50, Z. 3229; Node 129, Z. 6195; Node 102, Z. 5406; Node 78, Z. 4561; Node 79, Z. 4647; Node 80, Z. 4750; Node 81, Z. 4776; Node 82, Z. 4803; Node 93, Z. 5164; Node 89, Z. 5016"
NUP-057,NUP,STAMMDATEN/KONTEXT,Stammdaten.xtf::SZ_Nutzungsplanung_kommunal_V2.Stammdaten.Katalogeintrag,xtf_id und deklarierte Katalogfelder,SZ_Nutzungsplanung_kommunal_V2.Stammdaten.Lieferinhalt,KATALOGOBJEKT,Aktiver Katalogexport; bei generischem Katalogeintrag Tester-Split laut Bericht beachten; IDs erhalten,STATISCH_BELEGT; ILI/GDB_LAUF_OFFEN,filegdbV2_2_xtf_final.fmw,"Node 2, Z. 790; Node 5, Z. 865"
NUP-058,NUP,STAMMDATEN/KONTEXT,Stammdaten.xtf::SZ_Nutzungsplanung_kommunal_V2.Stammdaten.Katalogeintrag,xtf_id und deklarierte Katalogfelder,SZ_Nutzungsplanung_kommunal_V2.Stammdaten.Rechtsstatus,KATALOGOBJEKT,Aktiver Katalogexport; bei generischem Katalogeintrag Tester-Split laut Bericht beachten; IDs erhalten,STATISCH_BELEGT; ILI/GDB_LAUF_OFFEN,filegdbV2_2_xtf_final.fmw,"Node 2, Z. 790; Node 11, Z. 1003"
NUP-059,NUP,STAMMDATEN/KONTEXT,Stammdaten.xtf::SZ_Nutzungsplanung_kommunal_V2.Stammdaten.Katalogeintrag,xtf_id und deklarierte Katalogfelder,SZ_Nutzungsplanung_kommunal_V2.Stammdaten.Verbindlichkeit,KATALOGOBJEKT,Aktiver Katalogexport; bei generischem Katalogeintrag Tester-Split laut Bericht beachten; IDs erhalten,STATISCH_BELEGT; ILI/GDB_LAUF_OFFEN,filegdbV2_2_xtf_final.fmw,"Node 2, Z. 790; Node 16, Z. 1129"
NUP-060,NUP,STAMMDATEN/KONTEXT,Stammdaten.xtf::SZ_Nutzungsplanung_kommunal_V2.Stammdaten.Typ_Kanton,xtf_id und deklarierte Katalogfelder,SZ_Nutzungsplanung_kommunal_V2.Stammdaten.Typ_Kanton,KATALOGOBJEKT,Aktiver Katalogexport; bei generischem Katalogeintrag Tester-Split laut Bericht beachten; IDs erhalten,STATISCH_BELEGT; ILI/GDB_LAUF_OFFEN,filegdbV2_2_xtf_final.fmw,"Node 3, Z. 817; Node 15, Z. 1104"
GWR-014,GWR,STAMMDATEN/KONTEXT,Stammdaten.xtf::SZ_Gewaesserraum_V2.Stammdaten.Katalogeintrag,xtf_id und deklarierte Katalogfelder,SZ_Gewaesserraum_V2.Stammdaten.Rechtsstatus,KATALOGOBJEKT,Aktiver Katalogexport; bei generischem Katalogeintrag Tester-Split laut Bericht beachten; IDs erhalten,STATISCH_BELEGT; ILI/GDB_LAUF_OFFEN,filegdbV2_to_xtf_GWR.fmw,"Node 127, Z. 1041; Node 113, Z. 881"
GWR-015,GWR,STAMMDATEN/KONTEXT,Stammdaten.xtf::SZ_Gewaesserraum_V2.Stammdaten.Katalogeintrag,xtf_id und deklarierte Katalogfelder,SZ_Gewaesserraum_V2.Stammdaten.Lieferinhalt,KATALOGOBJEKT,Aktiver Katalogexport; bei generischem Katalogeintrag Tester-Split laut Bericht beachten; IDs erhalten,STATISCH_BELEGT; ILI/GDB_LAUF_OFFEN,filegdbV2_to_xtf_GWR.fmw,"Node 127, Z. 1041; Node 114, Z. 905"
GWR-016,GWR,STAMMDATEN/KONTEXT,Stammdaten.xtf::SZ_Gewaesserraum_V2.Stammdaten.Typ,xtf_id und deklarierte Katalogfelder,SZ_Gewaesserraum_V2.Stammdaten.Typ,KATALOGOBJEKT,Aktiver Katalogexport; bei generischem Katalogeintrag Tester-Split laut Bericht beachten; IDs erhalten,STATISCH_BELEGT; ILI/GDB_LAUF_OFFEN,filegdbV2_to_xtf_GWR.fmw,"Node 129, Z. 1069; Node 116, Z. 952"
LES-021,LES,STAMMDATEN/KONTEXT,Stammdaten.xtf::SZ_Laermempfindlichkeitsstufen_V2.Stammdaten.Typ_Kanton,xtf_id und deklarierte Katalogfelder,SZ_Laermempfindlichkeitsstufen_V2.Stammdaten.Typ_Kanton,KATALOGOBJEKT,Aktiver Katalogexport; bei generischem Katalogeintrag Tester-Split laut Bericht beachten; IDs erhalten,STATISCH_BELEGT; ILI/GDB_LAUF_OFFEN,filegdbLESV2_2_xtf.fmw,"Node 160, Z. 1131; Node 9, Z. 854"
LES-022,LES,STAMMDATEN/KONTEXT,Stammdaten.xtf::SZ_Laermempfindlichkeitsstufen_V2.Stammdaten.Rechtsstatus,xtf_id und deklarierte Katalogfelder,SZ_Laermempfindlichkeitsstufen_V2.Stammdaten.Rechtsstatus,KATALOGOBJEKT,Aktiver Katalogexport; bei generischem Katalogeintrag Tester-Split laut Bericht beachten; IDs erhalten,STATISCH_BELEGT; ILI/GDB_LAUF_OFFEN,filegdbLESV2_2_xtf.fmw,"Node 163, Z. 1159; Node 11, Z. 907"
LES-023,LES,STAMMDATEN/KONTEXT,Stammdaten.xtf::SZ_Laermempfindlichkeitsstufen_V2.Stammdaten.Verbindlichkeit,xtf_id und deklarierte Katalogfelder,SZ_Laermempfindlichkeitsstufen_V2.Stammdaten.Verbindlichkeit,KATALOGOBJEKT,Aktiver Katalogexport; bei generischem Katalogeintrag Tester-Split laut Bericht beachten; IDs erhalten,STATISCH_BELEGT; ILI/GDB_LAUF_OFFEN,filegdbLESV2_2_xtf.fmw,"Node 165, Z. 1187; Node 13, Z. 957"
LES-024,LES,STAMMDATEN/KONTEXT,Stammdaten.xtf::SZ_Laermempfindlichkeitsstufen_V2.Stammdaten.Lieferinhalt,xtf_id und deklarierte Katalogfelder,SZ_Laermempfindlichkeitsstufen_V2.Stammdaten.Lieferinhalt,KATALOGOBJEKT,Aktiver Katalogexport; bei generischem Katalogeintrag Tester-Split laut Bericht beachten; IDs erhalten,STATISCH_BELEGT; ILI/GDB_LAUF_OFFEN,filegdbLESV2_2_xtf.fmw,"Node 169, Z. 1215; Node 14, Z. 982"
SNP-020,SNP,STAMMDATEN/KONTEXT,Stammdaten.xtf::SZ_Sondernutzungsplanung_kommunal_V1.Stammdaten.Katalogeintrag,xtf_id und deklarierte Katalogfelder,SZ_Sondernutzungsplanung_kommunal_V1.Stammdaten.Rechtsstatus,KATALOGOBJEKT,Aktiver Katalogexport; bei generischem Katalogeintrag Tester-Split laut Bericht beachten; IDs erhalten,STATISCH_BELEGT; ILI/GDB_LAUF_OFFEN,filegdbV1_to_xtf_SNP_V1.fmw,"Node 173, Z. 953; Node 136, Z. 815"
SNP-021,SNP,STAMMDATEN/KONTEXT,Stammdaten.xtf::SZ_Sondernutzungsplanung_kommunal_V1.Stammdaten.Katalogeintrag,xtf_id und deklarierte Katalogfelder,SZ_Sondernutzungsplanung_kommunal_V1.Stammdaten.Lieferinhalt,KATALOGOBJEKT,Aktiver Katalogexport; bei generischem Katalogeintrag Tester-Split laut Bericht beachten; IDs erhalten,STATISCH_BELEGT; ILI/GDB_LAUF_OFFEN,filegdbV1_to_xtf_SNP_V1.fmw,"Node 173, Z. 953; Node 138, Z. 838"
SNP-022,SNP,STAMMDATEN/KONTEXT,Stammdaten.xtf::SZ_Sondernutzungsplanung_kommunal_V1.Stammdaten.Typ_Kanton,xtf_id und deklarierte Katalogfelder,SZ_Sondernutzungsplanung_kommunal_V1.Stammdaten.Typ_Kanton,KATALOGOBJEKT,Aktiver Katalogexport; bei generischem Katalogeintrag Tester-Split laut Bericht beachten; IDs erhalten,STATISCH_BELEGT; ILI/GDB_LAUF_OFFEN,filegdbV1_to_xtf_SNP_V1.fmw,"Node 174, Z. 980; Node 139, Z. 861"
